,Price,Address,Area,Beds,Baths
0,"$152,000",109ClearviewDriveRockSpringsWY82901,"1,688",3,2
1,"$79,000",222GatewayBlvd14RockSpringsWY82901,975,3,2
2,"$241,300",1111McCabeStreetRockSpringsWY82901,"1,768",4,2
3,"$368,000",3826BlueHeronRockSpringsWY82901,"4,104",5,3
4,"$187,000",1184PalisadesRockSpringsWY82901,"1,824",3,2
5,"$1,000,000",2794FoothillBoulevardRockSpringsWY82901,,,
6,"$295,000",TbdYELLOWSTONERD.RockSpringsWY82901,,,
7,"$975,000",0StagecoachBlvd.RockSpringsWY82901,,,
8,"$214,900",828RhodeIslandAveRockSpringsWY82901,"1,397",4,2
